car_brand,car_age,kilometers_driven,engine_capacity,mileage,owners,fuel_type,transmission,selling_price
Hyundai,9,130541,1233,14.56,3,Petrol,Automatic,103493.97
Jaguar,6,14686,3387,9.21,1,Petrol,Manual,3577606.35
Honda,10,58363,1077,11.58,1,Diesel,Automatic,567877.6
Land Rover,12,102543,1032,11.9,1,CNG,Automatic,2716972.66
Hyundai,7,136733,2352,15.97,4,Diesel,Automatic,651512.27
Ford,5,100673,2394,12.57,4,Petrol,Manual,706884.1
Audi,10,47828,1913,9.72,4,Petrol,Automatic,2571315.26
Hyundai,6,53604,3209,10.85,3,CNG,Manual,888777.96
Honda,5,15526,825,10.5,1,Petrol,Automatic,893695.98
Land Rover,11,73910,3896,24.54,1,Petrol,Manual,3651015.01
Jaguar,9,30592,2217,20.91,4,Petrol,Automatic,3073163.56
Honda,6,33982,3354,24.45,1,CNG,Manual,1326894.61
Honda,11,5207,3114,15.48,1,Diesel,Manual,1071660.13
Audi,8,93733,1260,12.73,2,Petrol,Manual,2325602.5
Maruti,2,129982,3303,21.57,1,CNG,Automatic,1282374.3
Land Rover,12,73619,1891,13.55,2,Petrol,Automatic,3050796.61
Mercedes,13,51479,1806,13.09,1,CNG,Manual,2532803.65
Honda,9,146826,3710,11.95,3,Petrol,Automatic,905337.81
Maruti,5,86437,2794,10.2,4,CNG,Automatic,849365.93
Mercedes,7,103540,1290,12.36,2,Petrol,Automatic,2863243.03
Land Rover,10,77982,1872,14.04,4,Diesel,Automatic,3285999.96
BMW,13,107747,3411,19.46,2,Petrol,Automatic,2828637.17
Ford,1,53231,3973,9.06,2,CNG,Automatic,1892303.49
Maruti,10,34301,1015,11.58,2,Petrol,Automatic,146368.4
Toyota,5,23752,2523,21.75,3,Diesel,Manual,1390790.38
BMW,12,103452,2392,10.5,1,Petrol,Manual,2477173.5
Ford,14,149467,3406,13.82,2,CNG,Automatic,402809.89
Audi,10,126237,958,22.7,3,CNG,Manual,1963163.59
Hyundai,14,61273,3336,10.63,2,Diesel,Manual,513221.12
Jaguar,2,96878,1485,9.41,1,CNG,Manual,3093779.18
Toyota,12,9895,3641,16.24,2,Petrol,Automatic,1287318.5
Audi,6,124968,2576,13.14,3,Petrol,Automatic,2914290.47
Land Rover,11,120700,2852,17.58,1,Petrol,Automatic,3349968.33
Audi,1,81559,2643,21.66,3,CNG,Automatic,3549154.57
Hyundai,3,15699,3208,10.33,1,Petrol,Automatic,1544762.58
Land Rover,5,14715,3306,17.87,1,Petrol,Manual,4073058.82
Toyota,4,24169,3095,16.59,4,Petrol,Automatic,1582632.17
Hyundai,3,123413,2389,10.45,4,Diesel,Manual,819450.51
Mercedes,10,124264,2496,18.61,4,CNG,Automatic,2893567.41
Jaguar,13,10782,3793,12.65,1,CNG,Manual,3175135.8
Toyota,5,129481,3269,16.29,2,CNG,Automatic,1353596.6
Mercedes,11,40585,2746,9.4,3,Diesel,Automatic,3249520.07
Ford,8,35682,2862,15.81,3,CNG,Automatic,1034662.86
Toyota,11,134992,3583,13.21,3,Diesel,Automatic,1049956.56
Ford,4,89416,1945,21.98,4,Diesel,Automatic,1073388.64
Land Rover,1,132810,3124,8.97,1,CNG,Automatic,4140242.48
Mercedes,11,43067,2381,15.12,4,Petrol,Manual,2789400.57
Jaguar,7,23073,3300,15.79,2,Petrol,Automatic,3633621.6
Hyundai,8,41035,3445,20.33,1,CNG,Manual,1007149.86
Honda,3,95373,3293,17.76,3,CNG,Automatic,1443973.48
Audi,6,88362,3057,19.34,4,Diesel,Manual,3125444.77
BMW,2,95517,3561,21.21,4,CNG,Manual,3546097.67
Jaguar,7,70450,3149,22.66,2,Diesel,Manual,3431610.54
Mercedes,8,15382,2732,13.34,2,CNG,Manual,3276075.24
Honda,6,140509,2557,17.15,4,Petrol,Manual,621317.3
Jaguar,6,66929,2850,22.28,2,Petrol,Manual,3267649.61
Mercedes,5,103864,1789,24.82,3,CNG,Automatic,3204424.46
Maruti,8,148401,2341,23.12,2,Diesel,Manual,382200.35
Maruti,1,30169,1916,14.31,2,Petrol,Automatic,1172671.6
Ford,10,92468,3367,11.32,4,Diesel,Automatic,929556.47
Jaguar,4,39594,1292,16.32,4,CNG,Manual,2942820.98
Maruti,4,50033,1419,20.61,1,CNG,Manual,537009.75
Mercedes,3,68133,3178,16.37,1,Petrol,Automatic,3963580.41
Ford,3,78861,3180,16.21,4,CNG,Manual,1140216.84
Mercedes,4,36750,2897,22.25,2,Petrol,Manual,3658259.14
Ford,11,45461,2346,14.14,2,Diesel,Manual,615217.51
Jaguar,1,83222,1662,22.62,1,Petrol,Manual,3357533.55
Honda,14,117020,2491,14.92,1,Petrol,Manual,154794.98
Hyundai,11,29226,2405,13.58,1,Diesel,Manual,605139.82
Toyota,13,11721,3119,15.72,3,Petrol,Manual,757041.9
Honda,11,25609,1379,20.96,3,Petrol,Automatic,454696.94
Land Rover,2,135513,2690,10.14,1,CNG,Manual,3701997.49
Mercedes,9,109211,2075,11.34,2,Diesel,Automatic,3068997.29
Land Rover,10,141728,3407,24.17,1,Petrol,Automatic,3561913.39
Honda,2,129865,3543,10.98,3,Diesel,Automatic,1604406.68
Ford,5,79520,2655,17.65,2,Diesel,Automatic,1297025.47
Toyota,9,69309,3961,17.85,3,Petrol,Manual,1194900.92
Toyota,9,34984,3293,16.32,2,CNG,Automatic,1337994.27
BMW,8,123947,3864,18.96,3,Diesel,Automatic,3393675.99
Toyota,1,10901,2155,11.91,2,Petrol,Automatic,1667452.9
Hyundai,1,36055,1962,17.4,2,Diesel,Automatic,1450288.13
Toyota,9,119099,1156,14.33,2,CNG,Automatic,457238.13
Honda,13,16138,2424,19.25,2,CNG,Manual,448260.47
BMW,11,28429,3121,10.4,4,CNG,Manual,2806718.64
Honda,8,55200,3890,17.7,3,Petrol,Automatic,1371339.31
Honda,10,106268,2806,11.15,3,Petrol,Manual,464385.22
Audi,9,22347,3158,12.74,4,CNG,Manual,2921829.18
BMW,7,36822,1669,11.72,2,Petrol,Automatic,3017670.11
Honda,3,45108,1685,11.11,2,CNG,Automatic,1128494.45
Audi,3,133955,2801,22.04,3,Petrol,Automatic,3248540.61
Audi,2,12967,3001,12.86,4,CNG,Manual,3462558.27
BMW,5,115719,2213,23.76,2,Diesel,Automatic,3322611.22
Land Rover,12,16871,2083,24.49,2,CNG,Manual,3145661.04
Ford,12,33179,1419,17.71,2,CNG,Manual,155094.63
Hyundai,3,60099,1682,10.43,1,Petrol,Manual,775965.8
Ford,14,40262,1596,14.37,4,Petrol,Automatic,120640.34
Toyota,6,83213,2972,21.56,2,Petrol,Manual,1182955.0
Hyundai,2,122407,2096,14.25,1,Petrol,Automatic,1001365.43
Toyota,12,91269,1418,9.48,4,Petrol,Automatic,252725.56
Honda,3,65545,2634,17.47,2,Petrol,Automatic,1387891.95
Mercedes,5,44922,1044,22.37,3,Diesel,Automatic,3290779.97
BMW,12,47913,3695,21.53,1,CNG,Automatic,3244725.22
Hyundai,11,102033,3297,10.98,1,CNG,Manual,499901.36
Hyundai,11,109792,1729,19.44,2,CNG,Manual,-14078.85
Honda,1,124863,2070,11.75,2,Diesel,Manual,1103596.64
Land Rover,13,49936,1319,11.71,1,CNG,Manual,2721983.8
Audi,1,33141,3209,22.86,3,Diesel,Manual,3790474.67
Honda,10,145146,807,12.24,3,Diesel,Automatic,91869.25
Maruti,9,142478,3325,12.48,4,Diesel,Automatic,706007.05
Audi,7,102359,2819,8.01,2,CNG,Manual,2796179.9
BMW,1,128279,1294,22.8,3,Diesel,Manual,3059205.06
Audi,12,46568,2429,21.47,4,CNG,Manual,2406816.73
Land Rover,14,102539,3680,18.66,3,CNG,Automatic,3328813.05
Audi,8,51851,1862,20.75,2,Petrol,Automatic,2861785.79
BMW,3,59823,3440,10.58,4,Petrol,Automatic,3652849.87
Land Rover,8,28312,986,15.79,4,Diesel,Manual,3103748.85
Ford,5,103723,3601,13.97,4,Diesel,Manual,1190226.2
Hyundai,1,17411,2677,9.59,3,CNG,Manual,1252567.7
Hyundai,7,62009,2940,16.26,2,Diesel,Manual,950118.22
Toyota,5,37371,885,23.65,4,Diesel,Automatic,990158.72
Ford,6,62022,3915,8.68,1,CNG,Manual,1307945.29
Ford,6,76229,936,12.95,2,Diesel,Manual,461786.9
Audi,8,104071,3268,11.53,1,Diesel,Manual,3085916.5
Hyundai,9,101774,2921,12.05,1,CNG,Automatic,773077.56
BMW,2,31715,2436,23.44,4,CNG,Automatic,3597016.1
Jaguar,9,32605,3018,15.96,4,Petrol,Manual,3052922.37
Jaguar,12,104853,2551,15.93,3,CNG,Automatic,2738567.25
Land Rover,11,36174,3017,20.93,3,Petrol,Automatic,3563068.57
Hyundai,10,146028,2587,10.63,3,Diesel,Automatic,464482.78
Hyundai,9,81373,1671,16.28,2,CNG,Automatic,412906.45
Jaguar,13,74252,3169,15.31,3,CNG,Automatic,2926229.95
Hyundai,10,75017,3303,18.15,1,CNG,Manual,693110.71
Audi,10,68037,1743,24.99,3,Diesel,Manual,2561302.65
Maruti,7,94818,2426,21.08,4,Petrol,Manual,373339.48
Mercedes,1,11548,3637,14.76,3,Diesel,Automatic,4437571.74
Ford,7,121981,3460,22.07,2,Diesel,Automatic,1251485.42
Toyota,10,29022,3736,10.9,2,CNG,Automatic,1401908.19
Land Rover,5,111297,1148,8.52,1,Petrol,Automatic,3302044.15
Maruti,6,141614,2476,11.48,2,Diesel,Manual,525762.76
Jaguar,10,65428,1996,13.79,3,CNG,Manual,2613541.79
Ford,7,64353,809,16.68,4,Diesel,Manual,261617.98
Hyundai,14,118132,3587,18.46,2,Diesel,Manual,459563.45
Toyota,5,21052,2261,23.48,1,CNG,Manual,1279129.07
Hyundai,7,105689,1466,16.67,3,CNG,Manual,147958.24
BMW,9,136743,3393,16.52,1,Petrol,Automatic,3091137.37
BMW,3,5163,2322,8.85,2,Diesel,Automatic,3726929.12
Toyota,8,46424,2976,8.59,2,CNG,Manual,1030194.58
Toyota,2,146706,1400,17.37,1,CNG,Automatic,1072598.99
Jaguar,11,140870,3452,15.45,3,Petrol,Manual,2768611.46
Toyota,7,27420,1126,22.27,2,Petrol,Manual,714080.72
Audi,13,125575,1779,10.73,4,CNG,Automatic,2018538.06
Hyundai,2,34300,3251,8.42,2,Petrol,Manual,1343990.83
Maruti,14,94881,1428,15.63,3,CNG,Manual,-462045.33
Honda,4,15749,2429,12.04,2,Diesel,Manual,1302571.91
Toyota,7,109131,3565,8.84,1,Petrol,Automatic,1368003.49
Land Rover,3,133563,3888,20.32,2,Diesel,Automatic,4354786.24
BMW,2,42487,1073,9.9,2,Diesel,Automatic,3338243.41
Audi,11,26223,1484,18.34,3,Diesel,Automatic,2693562.03
Ford,10,77930,915,12.78,1,CNG,Manual,68217.67
Honda,7,33380,1660,10.95,3,Diesel,Automatic,939851.77
Maruti,1,31035,2803,14.46,2,Diesel,Automatic,1630079.79
Honda,14,35620,1492,21.62,4,Diesel,Automatic,351639.5
Toyota,8,122360,3962,14.67,2,CNG,Manual,1152838.84
Jaguar,3,58352,1905,20.76,3,Diesel,Automatic,3550598.56
BMW,12,8191,3171,10.13,4,Diesel,Automatic,3194137.54
BMW,12,95536,3808,21.14,3,Petrol,Manual,2871643.61
Ford,13,109576,2961,12.03,3,CNG,Manual,201513.46
Jaguar,2,8631,2592,19.52,1,Diesel,Manual,3911023.43
Hyundai,3,142244,3929,17.62,4,Petrol,Manual,1096980.53
Mercedes,5,47080,953,23.8,2,CNG,Automatic,3146441.77
Audi,11,95353,2700,14.58,3,CNG,Manual,2427256.88
BMW,8,33671,2227,9.12,2,CNG,Automatic,3067308.68
Land Rover,10,127811,2089,8.33,1,CNG,Automatic,3134672.45
BMW,7,132734,1114,22.06,1,CNG,Automatic,2668044.55
Honda,7,56399,1864,16.92,4,CNG,Automatic,783747.68
BMW,12,12099,904,21.18,1,Diesel,Automatic,2669145.27
BMW,7,61492,2724,11.99,1,Diesel,Manual,3240460.85
Mercedes,8,101722,2713,13.87,2,Diesel,Automatic,3404608.99
Mercedes,1,35111,2016,8.51,1,Diesel,Automatic,3963736.15
Maruti,4,68936,2224,24.35,1,Petrol,Automatic,1000398.92
Hyundai,13,65920,3201,19.35,3,Diesel,Manual,508646.55
Land Rover,6,68530,3863,23.86,1,CNG,Automatic,4250319.46
BMW,9,12788,2572,12.51,3,Diesel,Automatic,3284045.61
BMW,13,33082,2760,18.39,1,Diesel,Manual,2874844.91
Audi,2,128287,3580,19.53,1,CNG,Automatic,3624405.96
Mercedes,1,94570,2403,13.4,4,Diesel,Automatic,3748379.55
Land Rover,13,106015,1508,22.42,4,Diesel,Manual,2668848.78
Ford,10,88588,1450,24.1,3,Diesel,Automatic,447119.24
Maruti,12,93340,3671,23.04,1,Petrol,Automatic,750163.62
Hyundai,14,99439,1746,20.56,2,Diesel,Automatic,179006.15
Jaguar,2,146214,1460,12.72,4,CNG,Automatic,3003779.93
Hyundai,7,120053,2946,12.79,2,CNG,Automatic,839549.62
Honda,3,53355,3435,24.38,4,Diesel,Manual,1562910.49
BMW,10,145938,3129,8.17,4,Diesel,Manual,2689398.54
Maruti,2,130426,3250,20.17,1,Diesel,Manual,1197094.22
Honda,14,69027,1932,20.01,4,CNG,Automatic,221914.46
Land Rover,11,97601,1499,18.59,2,CNG,Automatic,2997991.6
Jaguar,7,34956,3046,24.83,4,Petrol,Automatic,3448910.19
Mercedes,13,109797,2838,13.3,3,Petrol,Manual,2570283.9
Maruti,13,129917,3174,13.78,1,Petrol,Automatic,338613.06
Maruti,2,131303,3001,9.34,1,CNG,Automatic,1130566.51
BMW,3,141511,1351,15.53,3,Petrol,Automatic,2871315.98
Toyota,11,47533,1204,12.44,3,Diesel,Manual,424960.88
Maruti,7,83815,1261,13.84,3,Diesel,Manual,191141.59
Audi,14,44279,2979,22.19,4,CNG,Automatic,2683438.44
Jaguar,4,114787,3638,23.9,1,Petrol,Automatic,3788405.63
Jaguar,13,66063,1673,11.16,3,Diesel,Automatic,2629746.58
Audi,14,132896,883,14.33,4,CNG,Manual,1530236.52
Ford,1,102661,2222,23.79,3,Petrol,Manual,1062273.82
Audi,13,143051,3601,9.05,2,Diesel,Manual,2607635.16
Audi,14,128257,3475,9.57,2,Petrol,Automatic,2591490.21
Jaguar,5,91205,3980,10.77,1,CNG,Manual,3630015.44
Hyundai,12,11910,1020,18.12,4,Petrol,Automatic,88264.34
Jaguar,9,51857,3400,10.56,2,CNG,Automatic,3362067.9
Toyota,8,39964,2191,24.46,2,Petrol,Manual,895324.28
BMW,12,142050,911,15.59,4,Diesel,Automatic,2113015.24
Honda,9,22153,1414,16.53,3,CNG,Manual,404654.87
Hyundai,10,64765,2381,12.19,4,CNG,Automatic,465265.08
Mercedes,14,113212,3771,16.01,3,CNG,Automatic,3037699.02
Honda,9,44071,1274,19.25,2,Petrol,Manual,393414.9
BMW,7,117990,3683,20.77,2,Petrol,Automatic,3389738.48
Toyota,4,74519,2713,20.82,2,Diesel,Automatic,1637883.7
Toyota,5,14503,1070,17.82,1,CNG,Automatic,1108185.63
Mercedes,1,100457,3268,23.37,1,CNG,Automatic,4068093.47
Hyundai,14,50838,2720,21.9,1,Petrol,Automatic,511818.57
Ford,1,130200,3554,20.87,4,Petrol,Automatic,1491597.88
Audi,3,94489,2190,8.95,2,Diesel,Automatic,3314577.99
Hyundai,13,31806,839,8.12,2,Diesel,Automatic,131360.64
Ford,14,75119,2782,11.61,4,Petrol,Manual,159575.26
Toyota,8,43714,3036,19.28,1,CNG,Manual,1140965.78
Jaguar,14,60419,1793,14.99,4,Diesel,Automatic,2548230.28
BMW,2,110432,2812,14.84,1,Petrol,Automatic,3560878.55
Mercedes,4,97949,3383,23.04,2,Petrol,Manual,3603830.24
BMW,2,138533,3875,23.22,3,CNG,Automatic,3770249.05
Land Rover,14,81971,1089,23.46,1,Petrol,Manual,2528471.12
Land Rover,5,98471,3280,13.34,2,Petrol,Manual,3727494.41
Hyundai,9,69946,3318,19.75,2,Diesel,Manual,906647.7
Toyota,1,103989,3475,12.62,3,Petrol,Automatic,1774467.75
Toyota,5,89080,1078,11.24,2,Petrol,Automatic,807967.1
Audi,14,82794,3724,11.14,2,Diesel,Automatic,2941624.48
Audi,9,35841,1380,13.82,1,CNG,Manual,2512201.39
Audi,1,129447,1662,15.31,1,CNG,Manual,2989172.85
Jaguar,9,125029,1053,22.13,3,Diesel,Manual,2440691.5
Honda,8,81272,980,10.04,3,Diesel,Automatic,536402.83
Maruti,4,42643,1480,20.49,2,CNG,Manual,586968.72
Honda,12,48950,1624,17.03,1,CNG,Manual,265332.76
BMW,11,105500,1499,12.9,3,CNG,Automatic,2367128.96
Honda,10,130588,3413,16.38,3,CNG,Manual,616409.58
Jaguar,5,20997,2149,13.1,4,CNG,Manual,3156019.39
BMW,13,84751,2180,18.13,3,Diesel,Automatic,2632017.62
Honda,5,103605,2473,15.38,2,Petrol,Automatic,1070931.65
Jaguar,11,60533,3527,10.79,1,CNG,Manual,3067893.28
Maruti,12,87566,3238,9.98,3,CNG,Automatic,421886.87
Honda,6,113255,2438,17.29,4,Petrol,Manual,690797.52
Jaguar,7,63005,2757,23.34,1,Petrol,Automatic,3434582.59
Audi,8,48541,3956,13.85,3,Petrol,Manual,3235017.39
Toyota,14,28387,1011,20.46,4,Petrol,Automatic,234404.81
Audi,8,98980,2338,19.2,3,Petrol,Manual,2564170.88
Toyota,11,90457,1183,23.84,1,Petrol,Automatic,495253.92
Mercedes,14,149129,2514,21.96,1,Diesel,Automatic,2809591.87
Mercedes,13,69028,1141,17.63,1,Petrol,Automatic,2566173.95
Mercedes,2,124246,2638,19.17,2,Petrol,Automatic,3630881.54
Maruti,9,60731,2787,23.27,3,Diesel,Automatic,879282.09
Audi,7,49638,1643,14.79,2,Petrol,Automatic,2843147.71
Toyota,4,25567,3909,13.56,1,CNG,Automatic,2014894.56
Jaguar,4,62804,2334,8.18,4,CNG,Manual,3131967.58
BMW,11,113821,1219,22.05,3,Petrol,Manual,2119902.38
Jaguar,8,8754,3598,21.62,2,Diesel,Automatic,3872215.38
BMW,4,32044,2788,9.78,3,CNG,Automatic,3482379.97
Land Rover,13,72260,2732,17.81,4,Diesel,Manual,3039459.12
Jaguar,6,71912,2649,15.89,2,CNG,Manual,3182612.31
Honda,5,13706,1105,10.02,1,Petrol,Automatic,935207.3
Honda,3,13894,3549,24.67,2,Diesel,Manual,1814332.42
Hyundai,13,88986,1668,11.65,3,Diesel,Manual,-53351.07
Audi,14,86942,3384,9.14,3,Diesel,Automatic,2820435.55
BMW,10,34725,1935,18.11,3,CNG,Automatic,2821485.74
BMW,11,141998,2234,20.56,3,CNG,Automatic,2508067.05
Audi,2,109555,1005,8.55,1,CNG,Manual,2712332.26
Maruti,9,14496,1295,19.2,2,Petrol,Automatic,412438.5
Hyundai,10,61447,3918,17.05,1,CNG,Automatic,1128167.6
Maruti,9,106604,2709,9.76,1,Petrol,Manual,347338.4
Maruti,1,93199,3351,10.93,1,Diesel,Automatic,1600181.3
Maruti,10,46321,1845,17.66,3,Diesel,Manual,293279.95
Audi,3,60147,1012,13.04,3,Petrol,Manual,2675904.27
Maruti,8,96396,1109,23.95,3,CNG,Manual,12776.72
Honda,6,43787,3508,21.92,2,Petrol,Manual,1278964.29
Mercedes,5,26727,2791,24.72,4,Diesel,Manual,3630858.28
Land Rover,5,100081,3600,12.41,3,Diesel,Manual,3925750.84
BMW,6,127721,1071,24.49,2,Petrol,Automatic,2686527.79
BMW,7,73056,2622,15.33,3,CNG,Automatic,3108594.3
Land Rover,1,139153,3785,13.91,3,CNG,Automatic,4274398.14
Audi,9,85102,2879,8.86,1,Petrol,Manual,2823417.12
Jaguar,3,81865,1242,8.9,1,Petrol,Automatic,3164714.22
Audi,4,72695,3009,19.76,1,CNG,Manual,3337754.38
BMW,10,122235,3614,15.78,2,Diesel,Automatic,3238757.41
BMW,1,113777,1053,11.85,4,Petrol,Manual,2783934.82
Land Rover,13,24033,1320,18.44,4,CNG,Automatic,2919870.98
Maruti,11,146877,1776,12.3,2,CNG,Manual,-231005.1
Audi,10,31832,809,17.82,3,Diesel,Automatic,2505898.68
Toyota,3,120725,3573,14.11,2,Diesel,Manual,1609236.69
Land Rover,2,24873,3352,22.0,3,Diesel,Automatic,4585469.34
Honda,2,45372,3632,21.95,2,Diesel,Manual,1813269.82
BMW,14,94464,2383,16.11,2,Diesel,Automatic,2635261.1
Land Rover,1,122322,3283,13.96,2,Petrol,Automatic,4190044.14
Audi,8,105082,1934,14.16,4,CNG,Automatic,2618960.96
BMW,3,10110,952,21.7,1,Petrol,Manual,3080165.8
Jaguar,3,17087,2458,13.58,2,Petrol,Manual,3485167.86
Land Rover,6,87617,3764,11.55,4,Petrol,Manual,3757836.5
Hyundai,13,105483,3716,9.44,1,Petrol,Manual,465274.37
BMW,8,14596,3973,15.93,1,Petrol,Manual,3531256.02
Audi,13,112539,3600,16.2,2,Diesel,Automatic,2965779.26
Mercedes,9,23313,2656,22.3,3,Diesel,Manual,3305997.54
Toyota,9,118175,2014,11.76,3,CNG,Automatic,635095.27
Ford,4,119914,2552,14.48,3,Petrol,Automatic,1023630.96
Maruti,14,28705,3410,21.74,2,CNG,Manual,427120.26
Ford,5,78445,1904,22.0,3,Diesel,Automatic,1018176.54
Audi,2,108892,3336,14.54,4,Diesel,Manual,3440499.99
Honda,11,7023,1694,15.81,4,Diesel,Manual,477893.2
Honda,9,124654,1911,13.16,4,Petrol,Manual,212277.92
Mercedes,8,85073,903,23.85,4,Petrol,Automatic,2697955.37
Maruti,3,97197,3967,10.02,1,Diesel,Manual,1410499.15
Hyundai,11,69429,2714,23.87,4,CNG,Manual,324297.98
Mercedes,12,109195,3872,19.63,3,CNG,Manual,3017564.49
Ford,13,38848,1806,17.04,2,Diesel,Automatic,539858.02
Mercedes,9,32766,1206,8.56,3,CNG,Manual,2620771.27
Ford,3,73099,2201,16.09,4,Diesel,Automatic,1230802.0
BMW,9,74122,966,14.93,1,CNG,Automatic,2553355.08
Honda,2,53868,1308,10.74,4,Diesel,Manual,900819.15
BMW,12,124119,2461,19.16,2,CNG,Automatic,2600045.82
Toyota,10,100286,3160,24.51,3,Petrol,Automatic,1023168.02
Maruti,9,11643,1562,17.56,2,Diesel,Manual,491348.26
Hyundai,8,41727,1480,20.15,2,Diesel,Manual,520459.79
Ford,9,147077,3324,9.16,2,CNG,Manual,580765.61
Hyundai,5,114079,2920,15.1,3,Diesel,Automatic,1084261.53
Ford,11,70697,1964,9.98,4,Diesel,Manual,309253.8
Audi,11,21029,1381,18.42,2,Diesel,Automatic,2721274.9
Mercedes,2,114458,1061,23.95,3,Petrol,Automatic,3214443.89
Toyota,8,115384,2163,19.25,1,Petrol,Automatic,931230.44
Honda,12,73926,2131,9.31,3,CNG,Automatic,411100.13
Ford,6,142069,3092,14.03,1,Petrol,Automatic,1032141.57
Hyundai,8,60506,2338,17.36,3,CNG,Manual,520775.37
Toyota,11,83229,1360,14.85,4,Petrol,Manual,150342.73
Jaguar,5,47092,1899,22.17,2,CNG,Automatic,3358341.95
Jaguar,10,67539,2703,21.85,4,Petrol,Automatic,3034057.63
BMW,2,18428,974,18.4,3,Petrol,Manual,3012987.69
Honda,6,146330,2956,14.35,2,CNG,Manual,760320.12
Audi,5,62775,3030,12.34,1,Diesel,Automatic,3609042.75
Hyundai,12,10469,991,9.8,3,Diesel,Automatic,266530.48
Mercedes,13,33854,864,14.03,2,Petrol,Manual,2281398.2
Mercedes,12,142328,3810,15.02,1,CNG,Manual,2991973.47
Hyundai,5,81256,2297,19.49,1,Diesel,Automatic,1144279.23
Maruti,13,104134,3971,19.19,4,CNG,Manual,361220.36
Audi,1,137723,2367,9.19,3,Diesel,Manual,3124285.4
Toyota,2,89730,3711,14.72,1,CNG,Automatic,1899766.18
Ford,8,32386,1951,11.09,2,Petrol,Automatic,835573.09
Maruti,13,38787,2737,10.67,1,CNG,Automatic,479352.97
Ford,14,26621,1168,22.06,1,Diesel,Manual,196289.13
Ford,13,82984,1650,8.71,4,Petrol,Automatic,25161.86
Maruti,3,39051,842,15.13,4,CNG,Manual,392540.93
BMW,10,54811,2707,10.86,2,Diesel,Automatic,3172211.49
Jaguar,3,35447,3335,22.95,4,Petrol,Automatic,3835274.43
Ford,8,133046,877,17.47,1,CNG,Manual,55401.95
Maruti,8,89045,3673,11.93,1,Diesel,Manual,952284.42
Maruti,2,121859,2624,16.54,4,CNG,Automatic,911931.88
Land Rover,8,8471,2093,20.44,1,CNG,Automatic,3709194.95
BMW,11,125312,1473,24.29,1,Petrol,Manual,2274877.66
Honda,13,144401,1500,11.75,2,Petrol,Automatic,-22271.46
Land Rover,13,51850,1558,23.07,4,Diesel,Manual,2842042.66
Land Rover,1,59220,2723,23.88,1,Petrol,Manual,4133627.41
Hyundai,6,98808,3575,23.58,4,Diesel,Automatic,1263733.13
Jaguar,8,142469,3772,18.8,2,CNG,Manual,3144089.36
Maruti,3,58072,1701,18.71,4,CNG,Manual,602810.28
Jaguar,8,88820,3736,14.85,1,Diesel,Manual,3456849.32
Audi,12,28284,1792,20.79,4,CNG,Automatic,2496869.76
Hyundai,1,88369,1991,17.03,1,Petrol,Manual,1015052.73
Honda,11,30122,3186,19.52,1,CNG,Automatic,1074086.54
Jaguar,11,135349,3040,15.28,1,Petrol,Automatic,2937806.58
Mercedes,9,75553,2276,20.44,2,Diesel,Automatic,3302851.32
Ford,13,99788,3130,22.02,4,Diesel,Manual,463004.64
Audi,11,67812,1189,10.49,2,CNG,Manual,2140622.95
BMW,13,12999,1799,22.16,4,CNG,Automatic,2572272.97
Honda,9,27436,1324,17.19,2,Petrol,Automatic,583076.15
Audi,5,47963,2655,22.36,3,Petrol,Manual,3138009.27
Ford,10,138168,2306,15.33,1,CNG,Automatic,545346.53
Hyundai,4,113899,1458,14.44,1,CNG,Automatic,723583.82
Ford,11,31201,3563,23.56,2,Diesel,Manual,992319.85
Land Rover,6,10105,1690,12.27,3,Diesel,Automatic,3767056.76
Ford,12,122666,2281,22.35,1,Diesel,Manual,358717.08
Land Rover,7,99848,3960,16.23,4,CNG,Manual,3687921.12
Hyundai,5,7839,3966,16.74,2,CNG,Automatic,1652437.64
Toyota,11,73920,1251,13.24,1,CNG,Manual,286761.05
Land Rover,13,48619,3275,17.74,1,Diesel,Manual,3495516.16
BMW,10,47821,2337,13.53,2,CNG,Manual,2726418.6
Ford,9,130736,3893,8.67,2,Petrol,Automatic,976625.76
Ford,3,149565,1682,12.62,4,CNG,Automatic,667472.96
BMW,7,22069,1112,8.11,4,CNG,Automatic,2733183.83
Mercedes,10,12531,1639,24.63,1,CNG,Manual,2892927.34
Maruti,10,143808,3366,24.42,1,CNG,Manual,423043.11
Toyota,11,143782,1174,14.72,2,CNG,Automatic,210232.63
Honda,5,72155,1250,20.38,1,Petrol,Automatic,888910.08
Land Rover,14,67424,3862,13.88,1,Petrol,Manual,3345016.86
BMW,7,50603,1394,19.41,2,CNG,Automatic,2888292.38
Hyundai,2,137503,2033,21.69,1,Diesel,Automatic,1122215.26
Land Rover,4,97573,1299,24.09,1,CNG,Automatic,3548041.73
Maruti,2,145629,1263,14.8,3,CNG,Automatic,529598.19
Hyundai,14,108302,3995,21.32,4,CNG,Automatic,600247.66
Audi,13,136234,912,12.52,2,Diesel,Manual,1843205.99
Ford,13,24675,1835,24.84,3,Diesel,Automatic,563474.87
Audi,12,78997,3997,8.44,4,Diesel,Automatic,3083439.54
Land Rover,7,145905,3178,18.26,4,Petrol,Manual,3339453.67
Maruti,2,12896,2724,19.21,4,Diesel,Manual,1277145.5
Toyota,13,54733,939,19.7,3,Petrol,Manual,19703.49
Land Rover,14,46800,2224,10.05,3,Petrol,Manual,2803804.35
BMW,11,101044,3749,23.96,4,Diesel,Automatic,3210861.05
Jaguar,1,10347,3968,11.08,1,Diesel,Automatic,4522942.44
Land Rover,9,138715,1316,18.59,1,Diesel,Automatic,3150105.41
Ford,1,45785,3416,11.79,3,Petrol,Automatic,1676006.88
Ford,8,23681,2747,13.22,3,CNG,Manual,840133.72
Land Rover,2,108864,3693,17.29,3,Diesel,Manual,4254793.44
Hyundai,12,52299,3940,15.09,4,Diesel,Automatic,979512.13
Jaguar,8,22073,2965,10.72,1,Diesel,Automatic,3644357.74
BMW,13,107304,1687,10.91,3,Petrol,Automatic,2265769.53
Land Rover,3,35682,3930,15.11,3,Petrol,Automatic,4483108.31
Hyundai,6,129302,3904,20.87,2,CNG,Manual,1002357.57
Ford,3,120359,2141,23.27,4,Diesel,Automatic,1071506.65
Ford,14,143999,849,9.43,2,Petrol,Manual,-544802.36
Maruti,7,71707,818,14.68,1,CNG,Manual,96251.57
Land Rover,10,70428,1525,9.7,2,Diesel,Manual,3037802.67
Jaguar,9,55601,3044,8.28,2,Petrol,Manual,3065126.76
Mercedes,2,138611,2273,19.25,2,Diesel,Automatic,3655190.61
Jaguar,12,116487,3406,18.24,4,Diesel,Automatic,3060774.24
Ford,12,33228,1251,10.77,1,Petrol,Automatic,325862.19
Ford,14,127788,3136,11.97,2,Petrol,Automatic,392932.29
Audi,5,102239,1964,8.4,4,Petrol,Manual,2632168.58
Ford,13,31928,1907,22.19,1,Diesel,Manual,441565.38
BMW,6,23322,3238,24.57,3,Diesel,Manual,3557124.51
Honda,4,92896,1014,10.3,2,CNG,Automatic,694463.14
Land Rover,4,67292,2349,11.94,1,Diesel,Manual,3843985.16
Jaguar,4,34055,3062,22.76,2,Petrol,Manual,3577760.23
Honda,2,47891,927,23.75,3,Diesel,Manual,935778.79
Hyundai,4,86912,2645,15.13,1,CNG,Manual,949763.77
Mercedes,11,142660,1559,8.86,4,CNG,Automatic,2383345.3
BMW,1,95536,3251,8.67,1,Petrol,Manual,3595639.99
Jaguar,12,11304,3900,17.76,4,Petrol,Manual,3116786.61
Honda,6,12345,2615,14.68,1,CNG,Automatic,1313503.52
Mercedes,1,96006,3185,8.49,4,CNG,Automatic,3807802.51
Audi,10,134350,3678,17.92,3,CNG,Automatic,2941985.02
BMW,6,24446,3561,8.19,3,Petrol,Manual,3412580.18
BMW,1,7336,1160,21.39,3,CNG,Manual,3201820.89
Audi,6,67032,1368,13.21,1,CNG,Manual,2637702.13
Land Rover,10,102852,2215,8.68,3,Petrol,Manual,2941761.97
Audi,8,143593,3065,18.0,2,Diesel,Automatic,3103041.91
BMW,11,23474,2397,14.76,3,Diesel,Manual,2846734.4
BMW,2,60718,2492,24.55,4,CNG,Manual,3321517.09
Honda,2,49629,1001,17.25,4,Diesel,Automatic,1103528.99
Ford,14,50232,2864,12.68,4,Diesel,Automatic,640903.5
Mercedes,13,91544,3169,20.06,1,Diesel,Automatic,3211453.15
Audi,12,55669,1317,12.62,2,Diesel,Manual,2291643.2
Mercedes,4,74184,2148,23.37,3,CNG,Manual,3330495.79
Audi,11,18140,2235,14.37,2,Diesel,Manual,2763534.11
Hyundai,3,131468,2141,17.35,2,Diesel,Manual,846954.85
BMW,4,88457,1480,8.86,4,Petrol,Manual,2701814.32
Ford,13,19357,2788,15.24,4,CNG,Automatic,624332.63
Honda,12,116672,3953,22.15,4,Petrol,Automatic,851731.98
Ford,7,73673,2291,21.7,1,Petrol,Manual,739885.66
Ford,13,126673,1224,11.81,2,CNG,Manual,-294298.67
Ford,11,70633,2768,11.84,2,Diesel,Manual,602311.04
Mercedes,1,101111,2512,21.89,1,Petrol,Manual,3625530.67
Audi,6,83258,3866,23.82,1,CNG,Manual,3381072.23
Toyota,3,148996,3234,9.62,1,Diesel,Automatic,1638095.55
Hyundai,11,74286,1577,15.65,2,CNG,Automatic,215364.39
Jaguar,10,98269,2945,13.74,2,Petrol,Automatic,3047146.65
Ford,7,79071,2626,22.8,4,Diesel,Manual,873917.89
Land Rover,10,35651,1007,9.42,4,Diesel,Manual,2878720.34
Mercedes,2,75202,2337,11.59,2,CNG,Automatic,3635345.28
Honda,14,53777,2459,20.79,4,Diesel,Automatic,565469.66
Jaguar,2,72263,3433,8.87,1,Petrol,Manual,3735730.42
Toyota,13,105158,3013,16.37,3,Petrol,Automatic,676558.29
Land Rover,4,15800,821,15.52,4,Petrol,Automatic,3441902.61
Toyota,1,42823,953,13.68,2,CNG,Manual,1085318.93
Jaguar,3,68878,2762,14.71,4,Diesel,Automatic,3674354.55
Ford,13,23708,1018,17.01,4,Diesel,Automatic,285995.91
Land Rover,9,148891,1468,10.74,4,Diesel,Automatic,2969614.27
Toyota,7,68870,2318,17.72,3,Petrol,Manual,871058.93
Honda,7,14283,3077,21.69,1,Diesel,Automatic,1567205.07
Audi,13,83707,2867,20.92,2,Petrol,Automatic,2661246.33
BMW,13,10774,3400,10.62,3,Diesel,Automatic,3185081.4
Audi,11,147055,1749,10.54,2,Petrol,Manual,2068260.16
Jaguar,4,101468,2995,12.56,2,Diesel,Manual,3458680.01
Mercedes,2,101334,3979,14.14,2,CNG,Automatic,4107680.17
BMW,14,23133,1202,14.94,3,CNG,Manual,2052211.15
Hyundai,4,5781,1395,19.55,1,Petrol,Automatic,1034377.58
Honda,6,119586,3214,8.96,2,Petrol,Manual,937224.85
Hyundai,11,32624,2237,8.59,1,Diesel,Manual,510687.62
Land Rover,11,11823,3649,14.66,1,Diesel,Automatic,4066105.85
BMW,3,23489,3765,19.85,4,CNG,Automatic,3919310.71
Hyundai,1,34118,1957,11.29,3,Diesel,Automatic,1393164.53
Hyundai,14,105417,2542,18.91,3,Petrol,Manual,-46205.13
Toyota,12,86816,2106,12.42,4,Petrol,Automatic,529771.72
Audi,8,18565,872,23.06,4,Petrol,Manual,2333389.36
Toyota,12,96179,1280,23.23,1,Petrol,Manual,195022.92
BMW,13,28648,1359,13.05,2,Petrol,Automatic,2413034.61
BMW,5,46971,1544,11.91,3,CNG,Manual,2868858.08
Jaguar,5,23658,2266,14.99,2,CNG,Automatic,3478541.98
Toyota,11,26253,899,12.09,2,Petrol,Manual,267957.3
Maruti,4,93664,1882,19.43,4,Diesel,Automatic,819622.76
Audi,6,108850,3355,22.04,2,Petrol,Manual,3110053.9
BMW,3,142924,3105,19.44,1,CNG,Manual,3298052.77
Jaguar,9,138623,1212,22.01,4,Petrol,Automatic,2412648.05
Toyota,5,76947,1888,14.75,2,CNG,Manual,912679.27
Audi,3,66001,3442,10.66,4,CNG,Automatic,3555473.67
Toyota,11,127775,1977,20.55,1,Petrol,Manual,396432.54
Hyundai,1,38243,2808,14.13,1,Petrol,Manual,1406575.54
Jaguar,10,80939,3113,19.41,2,Diesel,Manual,3094657.62
Audi,12,62828,1620,12.6,4,CNG,Automatic,2299161.66
Ford,6,143311,3950,9.38,2,Diesel,Automatic,1395801.76
Land Rover,2,11710,1461,24.87,2,Petrol,Automatic,3965029.55
Land Rover,13,42991,3794,10.66,4,CNG,Automatic,3475763.55
Audi,3,143043,1359,24.8,2,Diesel,Automatic,2986750.21
Toyota,1,90445,3764,24.61,1,Diesel,Manual,2007486.4
Jaguar,9,85257,3738,21.49,4,Diesel,Manual,3308922.95
Land Rover,8,42711,2071,19.21,4,Petrol,Automatic,3462667.39
Jaguar,12,11530,2613,17.82,4,Petrol,Manual,2762789.82
Land Rover,2,16116,3715,22.72,4,Petrol,Manual,4324949.66
Hyundai,12,70794,1409,12.92,2,CNG,Manual,-103999.27
Toyota,11,136354,3261,15.95,2,Petrol,Manual,674187.16
Hyundai,8,137970,824,18.53,1,CNG,Automatic,137004.24
Land Rover,12,9135,2828,14.99,3,Diesel,Manual,3419527.8
Ford,14,142701,1083,15.27,3,Diesel,Automatic,-115689.33
Ford,9,114472,2272,13.61,1,Petrol,Automatic,602121.28
Hyundai,1,130147,3728,17.59,3,Diesel,Manual,1433076.58
Ford,13,94087,1100,22.46,1,Petrol,Automatic,53180.89
Land Rover,5,38380,1891,11.43,2,CNG,Manual,3545994.04
Audi,8,134951,1830,23.89,4,Diesel,Manual,2485564.96
Hyundai,11,22071,1616,19.71,4,Petrol,Manual,124150.79
Mercedes,14,25074,882,22.0,2,Diesel,Automatic,2623783.69
Toyota,2,72843,2720,17.46,4,Diesel,Automatic,1711996.15
Ford,4,44901,3944,21.25,4,Petrol,Automatic,1615821.49
Ford,7,16205,2893,8.28,3,Diesel,Manual,1065396.04
BMW,3,129661,1417,21.91,2,Diesel,Manual,2961487.14
Maruti,13,10906,3775,8.68,3,Diesel,Manual,709454.81
Hyundai,12,138663,3109,23.13,3,Diesel,Automatic,585681.69
Honda,5,130576,975,24.86,4,CNG,Manual,288524.52
Ford,8,67987,1989,13.0,4,Diesel,Manual,603153.11
Toyota,12,85685,3504,11.58,2,Diesel,Automatic,1107682.25
Mercedes,10,115454,1641,21.01,4,Petrol,Automatic,2626931.94
Ford,3,110487,1169,12.3,4,CNG,Automatic,653983.07
Mercedes,4,59400,2618,22.71,2,Petrol,Manual,3478637.49
Land Rover,14,36852,2901,9.75,4,Petrol,Manual,2959362.24
Land Rover,9,57756,1489,10.14,3,Petrol,Manual,2991448.89
Maruti,14,120357,2579,24.65,2,CNG,Automatic,83480.16
Audi,14,124052,2164,19.46,4,Petrol,Automatic,2147318.56
Honda,7,61481,3998,22.4,1,Petrol,Automatic,1565769.65
BMW,1,6283,2232,13.51,2,Petrol,Automatic,3764483.73
Maruti,14,38691,1166,19.5,2,Diesel,Manual,-176149.06
Jaguar,12,137197,1443,18.1,1,Petrol,Manual,2210118.5
BMW,4,31170,3226,18.25,4,CNG,Manual,3427732.46
Hyundai,4,13438,872,19.6,4,CNG,Manual,511838.22
Toyota,9,25095,3762,17.78,2,Diesel,Manual,1454078.85
Jaguar,6,144076,2071,15.29,2,CNG,Manual,2816968.13
Jaguar,9,14752,1659,12.69,4,CNG,Manual,2678874.6
Maruti,12,60426,842,21.07,4,Diesel,Manual,-282567.59
Audi,6,31819,3224,11.85,3,Petrol,Automatic,3385216.02
Maruti,6,97051,1864,19.77,2,Diesel,Automatic,731671.0
Hyundai,5,37994,3017,11.97,2,Petrol,Manual,1072615.08
Ford,5,102756,3059,18.63,1,Petrol,Automatic,1227413.7
Ford,2,145659,2316,20.7,3,CNG,Manual,826550.08
Audi,8,100665,2886,11.72,4,Diesel,Manual,2851616.56
Hyundai,8,136717,1168,9.02,3,CNG,Automatic,67844.5
Audi,11,86835,3604,10.23,4,CNG,Manual,2688265.33
Mercedes,13,127232,950,18.3,4,Petrol,Manual,1951630.98
Ford,1,48732,1934,22.44,3,CNG,Manual,1120555.59
Jaguar,8,51305,2303,8.76,2,Diesel,Manual,3075788.04
Honda,5,14346,2259,20.48,4,CNG,Manual,968522.11
Toyota,2,5587,1870,13.8,3,CNG,Manual,1309936.89
Hyundai,14,17763,1823,16.13,1,Petrol,Manual,86341.08
BMW,2,74615,2398,23.79,3,Diesel,Automatic,3627305.62
Audi,14,125987,3584,13.64,1,CNG,Automatic,2719995.0
Toyota,6,96353,2840,15.91,4,Petrol,Manual,972252.91
BMW,11,100648,2189,8.23,3,CNG,Automatic,2601256.05
Toyota,13,30556,868,9.39,3,Diesel,Manual,191361.35
Honda,9,64042,3146,12.4,1,CNG,Manual,868311.13
BMW,1,23099,1743,8.47,3,CNG,Manual,3267880.38
Maruti,12,114089,1601,18.73,3,Petrol,Manual,-298629.57
Land Rover,6,149302,3143,15.25,4,CNG,Automatic,3558211.81
Maruti,9,38866,3050,17.32,3,Petrol,Automatic,806058.01
Ford,8,110400,860,10.97,2,Diesel,Automatic,411280.66
Land Rover,11,89246,1745,13.03,1,CNG,Automatic,3096410.25
Maruti,6,81975,3810,19.29,3,Diesel,Manual,1085707.12
Land Rover,3,86557,2137,24.41,1,Diesel,Automatic,4053832.17
Land Rover,8,142488,1984,8.86,1,CNG,Manual,3019178.67
Jaguar,9,77516,1130,23.14,1,Petrol,Manual,2518369.75
Audi,1,37602,2351,17.81,3,Diesel,Automatic,3715807.45
Audi,12,134295,1137,17.59,3,Diesel,Manual,1961590.3
Jaguar,9,92969,2429,16.5,1,CNG,Automatic,3034481.1
Toyota,14,137161,2127,9.18,2,CNG,Automatic,223573.53
Mercedes,6,146559,2326,9.53,1,CNG,Automatic,3197786.28
Toyota,6,5155,2473,18.22,2,CNG,Automatic,1429918.74
BMW,12,128950,2161,13.8,1,CNG,Automatic,2544257.04
BMW,4,72494,2373,23.59,4,CNG,Manual,3123811.11
Land Rover,1,81229,3486,14.91,1,Petrol,Automatic,4467111.97
Maruti,10,109648,1074,10.44,1,Diesel,Automatic,134787.37
Maruti,8,43547,1987,20.15,3,Petrol,Manual,326252.06
Audi,2,33795,3166,12.99,2,Petrol,Automatic,3759624.93
Hyundai,12,26447,3436,16.93,4,CNG,Automatic,817940.53
Toyota,1,92960,3351,19.86,2,Diesel,Manual,1795012.2
Ford,2,68278,3234,23.3,4,Petrol,Manual,1282069.69
Honda,1,60077,2793,21.47,1,CNG,Automatic,1671521.43
Maruti,1,117782,1669,19.5,3,CNG,Manual,611179.33
Honda,9,107932,3680,19.55,3,Diesel,Automatic,1185994.23
Land Rover,13,145600,1814,24.08,2,Petrol,Manual,2536520.92
Honda,14,114869,2711,13.03,3,Petrol,Automatic,311885.98
Ford,1,144251,1402,8.02,2,Petrol,Automatic,832249.48
Jaguar,13,53781,2599,12.62,2,CNG,Automatic,2876910.83
Ford,4,58798,1490,11.7,4,Diesel,Manual,761126.67
Honda,10,103696,1293,19.25,2,Diesel,Automatic,482453.58
Ford,6,55939,1289,18.77,4,Petrol,Manual,430351.28
Mercedes,7,34516,3568,18.09,3,CNG,Automatic,3749176.67
Land Rover,2,146521,3944,8.28,2,Petrol,Automatic,4191991.01
Toyota,6,55290,3356,20.39,2,Diesel,Automatic,1692076.67
Jaguar,7,131688,1189,13.5,1,CNG,Automatic,2740908.29
Maruti,10,91661,1094,19.31,2,Petrol,Automatic,53956.24
BMW,14,77954,2192,17.46,2,Petrol,Manual,2283067.86
Toyota,10,27746,3643,13.83,1,CNG,Manual,1238535.42
BMW,2,72990,3712,10.29,1,Diesel,Manual,3896197.24
Land Rover,2,63810,2517,9.61,3,CNG,Automatic,4041537.89
Jaguar,10,123362,3396,22.14,2,Petrol,Automatic,3162675.33
Audi,7,138669,1448,23.61,3,Petrol,Manual,2305192.85
Maruti,12,7659,2673,19.05,3,Petrol,Automatic,561859.07
Mercedes,1,91516,1367,9.76,1,Petrol,Automatic,3466503.31
Audi,8,79567,3700,14.83,4,Diesel,Automatic,3375362.18
Land Rover,11,20037,3617,20.39,3,Diesel,Manual,3714638.36
Toyota,13,131498,1244,21.26,4,Petrol,Manual,-149919.87
Mercedes,3,17109,1162,10.01,2,Diesel,Manual,3339377.9
Ford,11,27010,2970,8.0,1,Diesel,Manual,858637.36
Honda,6,13787,2011,20.11,2,Diesel,Manual,1099405.79
Mercedes,9,144544,1541,14.06,2,Petrol,Automatic,2693892.97
Land Rover,6,66709,2841,12.33,1,CNG,Automatic,3870259.95
Hyundai,9,39518,1479,8.22,2,CNG,Automatic,443089.16
Honda,7,58909,3267,17.19,1,CNG,Automatic,1318601.36
BMW,9,23351,2442,22.47,4,Petrol,Manual,2912731.06
Maruti,2,20282,2372,24.28,2,Diesel,Manual,1267721.16
BMW,12,10075,2158,17.62,1,Diesel,Automatic,3028485.37
Mercedes,8,33365,2939,16.75,3,Petrol,Manual,3301798.34
BMW,8,16002,862,9.45,2,Petrol,Automatic,2744993.23
Land Rover,2,18947,3359,17.33,4,CNG,Automatic,4413342.41
Ford,12,99840,1962,14.46,1,CNG,Automatic,393139.87
Toyota,14,121219,2028,18.32,2,Petrol,Automatic,330497.3
Maruti,4,83610,3619,14.61,2,CNG,Manual,1080922.97
BMW,14,57142,1055,12.09,2,Diesel,Automatic,2331471.66
BMW,11,61307,934,9.61,4,Petrol,Manual,2058487.49
Mercedes,7,140565,1674,13.35,1,Petrol,Automatic,2929179.89
Toyota,11,55085,1621,9.64,3,Diesel,Automatic,714043.74
Audi,4,39228,2935,11.01,3,Diesel,Automatic,3597880.42
BMW,4,48472,3835,24.78,3,Diesel,Automatic,4028412.44
Land Rover,6,54437,1622,15.55,1,CNG,Manual,3384569.33
Hyundai,10,64711,3874,17.04,3,Petrol,Automatic,981293.9
Maruti,6,142888,1773,22.85,4,CNG,Manual,103142.47
BMW,10,82175,3781,24.92,1,Diesel,Automatic,3487641.74
Land Rover,3,69307,2577,17.91,2,CNG,Automatic,4006194.87
Land Rover,9,51733,920,21.81,4,Diesel,Automatic,3162537.56
Maruti,12,133202,2437,13.56,2,CNG,Manual,-73672.01
Audi,10,100028,3909,13.2,3,CNG,Automatic,3102677.3
Land Rover,14,147312,2164,14.85,4,Diesel,Automatic,2800960.3
Hyundai,11,97493,1807,19.43,1,CNG,Automatic,321910.15
Land Rover,2,130149,1724,19.6,4,Petrol,Automatic,3567104.63
Land Rover,6,13259,1444,13.36,2,CNG,Automatic,3614911.66
Land Rover,12,133775,2832,10.26,1,CNG,Manual,2970070.18
Ford,7,19849,3561,18.75,4,Petrol,Manual,1186671.38
Ford,12,86768,3707,10.18,4,Diesel,Automatic,880809.0
Audi,13,111108,2868,17.83,4,Petrol,Automatic,2449424.86
BMW,9,94709,1041,19.79,4,CNG,Manual,2202784.7
Land Rover,13,59869,3302,19.91,1,Diesel,Automatic,3735345.78
Toyota,3,131888,3810,20.81,2,CNG,Manual,1529290.1
BMW,10,68095,3468,22.84,4,CNG,Automatic,3162374.28
Audi,3,122886,3150,16.5,1,Petrol,Automatic,3484745.74
Jaguar,7,75910,2419,20.41,2,Petrol,Manual,3024628.13
BMW,14,28567,1602,18.53,4,Diesel,Automatic,2524069.89
BMW,4,40292,1763,11.17,2,Diesel,Manual,3193924.05
Honda,13,79813,868,8.44,2,Diesel,Manual,-40657.67
Mercedes,8,102136,1952,12.84,1,CNG,Manual,2851218.25
Honda,13,56631,995,15.53,2,Petrol,Automatic,108691.47
Hyundai,7,14885,2987,18.49,1,Petrol,Manual,1010599.01
Ford,5,71314,3130,22.45,4,Petrol,Manual,1040108.29
Ford,7,70087,3159,11.34,2,Diesel,Automatic,1289998.04
Mercedes,3,100998,1545,10.13,2,Petrol,Automatic,3247124.24
Maruti,12,54812,2488,24.38,3,Petrol,Automatic,402927.27
Maruti,2,63643,1076,9.84,4,Petrol,Automatic,625734.59
Audi,6,49900,860,16.13,4,Diesel,Automatic,2779218.92
Mercedes,2,143923,2713,17.95,3,Petrol,Automatic,3586128.36
BMW,3,21288,2899,17.2,3,Diesel,Manual,3653721.59
Maruti,6,77692,3000,9.46,1,Petrol,Automatic,963496.7
Land Rover,5,143440,2572,8.97,1,Petrol,Manual,3419517.57
Toyota,8,90436,2134,9.79,2,Petrol,Automatic,913084.55
BMW,9,51403,2637,17.95,2,Diesel,Manual,3059950.79
Hyundai,11,96170,3391,17.25,2,Diesel,Manual,719963.08
Land Rover,3,14168,1366,11.97,2,Petrol,Automatic,3797118.1
Land Rover,12,54879,2371,18.84,1,CNG,Automatic,3345937.71
Mercedes,10,64871,1421,21.94,4,Diesel,Manual,2710161.47
Audi,3,37174,2825,8.71,2,Diesel,Automatic,3665065.22
Hyundai,3,142653,2000,16.47,4,Petrol,Automatic,720530.02
Maruti,13,115155,1113,19.72,2,CNG,Manual,-477704.98
Mercedes,13,76853,3654,12.29,3,Petrol,Manual,2931392.75
Maruti,6,69046,3695,13.23,2,Diesel,Manual,1150315.39
Mercedes,1,54678,2944,18.43,2,Diesel,Automatic,4160809.32
Mercedes,7,31649,3728,23.26,2,Petrol,Automatic,3890939.75
Mercedes,12,132795,2036,21.77,1,Petrol,Automatic,2681297.62
Audi,1,93668,3676,17.91,3,CNG,Automatic,3804212.4
Mercedes,14,94906,936,20.41,2,CNG,Manual,2064843.26
Jaguar,5,101019,1829,14.2,2,Diesel,Automatic,3246100.65
Toyota,10,83002,3858,18.9,4,CNG,Manual,974186.88
Maruti,13,33803,2956,15.93,3,CNG,Automatic,463453.92
BMW,8,35795,3394,11.23,2,Diesel,Automatic,3538812.76
Honda,4,13770,3910,19.93,4,Diesel,Manual,1700372.02
Hyundai,5,16093,1461,17.46,4,Diesel,Automatic,949310.74
Ford,4,136265,3272,14.1,1,Diesel,Automatic,1419530.77
Audi,12,105311,3477,23.49,4,Petrol,Manual,2561066.63
BMW,12,22569,3108,8.36,2,Diesel,Automatic,3201018.27
Land Rover,14,16190,886,13.37,1,Diesel,Manual,2766837.92
Jaguar,4,67824,3312,8.97,1,Diesel,Manual,3754110.2
Ford,12,47070,2923,21.03,2,CNG,Manual,596654.42
Honda,8,45197,3318,19.94,3,Diesel,Manual,1175620.96
BMW,2,7261,3261,13.63,4,Petrol,Automatic,3882768.33
Ford,1,142788,3672,19.49,1,Petrol,Automatic,1637998.38
BMW,3,91795,3742,14.73,3,Diesel,Automatic,3879356.74
Jaguar,9,33933,3573,20.86,2,Petrol,Manual,3387579.81
Honda,4,140450,3304,15.72,4,CNG,Automatic,1145738.42
Land Rover,10,45583,2108,15.01,4,Diesel,Automatic,3440059.91
Mercedes,5,117082,2500,23.89,1,Petrol,Automatic,3465988.17
Maruti,2,90371,3500,12.26,4,Petrol,Automatic,1274357.21
Land Rover,4,116032,3519,10.05,4,Diesel,Manual,3876796.08
Mercedes,2,47604,1294,17.94,4,Petrol,Manual,3178161.48
Audi,2,100074,2447,24.48,4,Diesel,Automatic,3445407.41
Toyota,4,78869,2742,14.42,2,Petrol,Manual,1229798.95
Hyundai,6,10410,1868,9.05,3,CNG,Automatic,830366.85
Hyundai,7,88375,2224,13.77,2,Petrol,Automatic,672818.39
Maruti,10,101055,1396,16.6,2,Petrol,Automatic,84158.93
Honda,3,142868,1249,10.75,1,Diesel,Manual,699600.1
Jaguar,3,91716,1284,19.19,4,Petrol,Automatic,3069026.62
Honda,10,59245,1445,24.96,2,Diesel,Manual,519826.72
Jaguar,6,48056,3467,15.68,4,CNG,Manual,3382012.88
Honda,13,63557,3889,14.03,2,Diesel,Automatic,1085704.38
Toyota,12,22543,2429,14.81,2,Diesel,Manual,810831.08
Audi,3,101038,1461,9.96,1,Petrol,Manual,2798052.9
Audi,13,8828,1557,23.02,3,CNG,Automatic,2477488.71
Mercedes,2,121656,1088,15.05,3,Diesel,Manual,3091248.9
Ford,8,22087,1520,14.58,2,Petrol,Manual,539193.16
Audi,5,148677,1437,19.21,1,Petrol,Automatic,2750503.61
Audi,1,36337,3082,15.51,4,Diesel,Automatic,3857561.33
Land Rover,3,141554,3263,19.02,4,Petrol,Manual,3750400.8
Land Rover,10,70333,3785,9.04,2,Diesel,Automatic,3912605.63
Mercedes,8,141535,1298,21.83,3,Diesel,Automatic,2836131.81
Ford,4,75448,3821,23.99,1,Diesel,Manual,1645822.54
Maruti,14,9648,1433,19.03,3,CNG,Manual,-162565.5
Land Rover,7,135576,2473,24.23,4,Diesel,Automatic,3501505.07
Maruti,10,38623,2830,10.57,3,Petrol,Manual,436093.72
BMW,12,40634,3867,16.12,4,CNG,Automatic,3176037.3
Land Rover,14,119598,914,18.23,1,Petrol,Automatic,2509686.59
Toyota,14,54334,3779,17.89,1,CNG,Manual,905161.86
Ford,2,73648,1473,14.82,2,CNG,Manual,842859.08
Mercedes,7,27054,2536,13.75,2,CNG,Automatic,3512066.41
BMW,5,75028,2057,10.16,3,CNG,Automatic,3078977.37
Ford,5,27207,3882,14.66,1,Petrol,Automatic,1726196.87
Toyota,6,86554,3053,10.77,1,Diesel,Automatic,1533280.16
Ford,13,88276,3094,20.48,2,Petrol,Manual,461093.01
Toyota,9,57781,3605,11.55,4,Diesel,Automatic,1451628.0
Toyota,14,66035,3998,9.0,3,Petrol,Manual,807061.61
Maruti,6,13210,946,17.39,3,CNG,Manual,310730.37
Honda,12,49363,2965,18.12,2,CNG,Automatic,868431.08
BMW,13,83279,1211,22.82,1,Diesel,Manual,2299632.56
Ford,14,139393,2487,17.81,2,Diesel,Manual,128812.09
Jaguar,8,86348,3210,13.87,2,Petrol,Automatic,3332520.53
BMW,7,118816,2332,21.65,2,Diesel,Manual,2956635.44
Honda,9,128053,936,17.18,2,Petrol,Manual,29060.08
BMW,4,71262,3805,9.35,4,Diesel,Automatic,3781958.7
Audi,2,139832,818,17.62,4,Diesel,Automatic,2782133.35
Jaguar,7,72411,3042,23.44,1,Diesel,Automatic,3645740.8
Honda,6,28377,3177,14.74,2,CNG,Automatic,1422359.87
Maruti,1,43211,2759,13.04,4,CNG,Automatic,1296518.25
Ford,11,8744,3022,10.44,1,Petrol,Automatic,1005394.1
Hyundai,9,29995,1801,10.57,2,Diesel,Automatic,716476.43
Honda,9,39542,1248,15.36,3,Petrol,Manual,347312.86
Mercedes,12,15651,2748,18.13,4,Diesel,Manual,3036655.84
Ford,2,104239,1745,9.37,1,CNG,Automatic,1073679.81
Honda,3,83931,2177,23.97,3,CNG,Manual,995933.47
Audi,5,107112,2322,20.84,2,Diesel,Manual,3055070.65
Hyundai,5,21715,940,17.97,2,Diesel,Automatic,847816.33
Audi,1,66350,3605,22.08,2,CNG,Manual,3709996.92
Hyundai,8,76425,2720,9.36,4,CNG,Automatic,694625.85
Mercedes,12,91120,3777,16.11,1,Petrol,Manual,3120762.04
Ford,8,119889,892,18.71,3,CNG,Automatic,215988.17
Maruti,4,146130,1038,22.09,1,Diesel,Manual,395041.79
Audi,13,79637,1004,21.32,4,Petrol,Manual,1802952.32
Audi,7,75194,3407,12.71,1,Diesel,Manual,3286923.77
Toyota,11,81917,2256,23.99,4,Petrol,Automatic,655684.09
Hyundai,10,69200,1044,10.11,2,Diesel,Manual,104261.63
Land Rover,3,110848,1631,22.88,3,CNG,Manual,3378445.47
Ford,6,111022,3772,24.51,2,Diesel,Automatic,1506530.29
Hyundai,14,65058,1094,11.01,1,Petrol,Automatic,-81249.54
Toyota,10,67068,3487,20.28,2,Diesel,Manual,1202353.67
BMW,13,104932,1655,8.68,3,Petrol,Manual,2043072.96
Hyundai,10,142103,2864,14.89,2,Diesel,Manual,462249.08
Maruti,12,27785,870,16.78,3,CNG,Manual,-234388.74
Ford,14,99475,2092,17.87,3,CNG,Automatic,146078.53
Toyota,9,7282,2148,23.91,2,Diesel,Manual,1105031.37
BMW,1,72534,1104,19.43,4,Diesel,Manual,3131580.4
Jaguar,5,79964,1830,16.18,1,Diesel,Automatic,3404132.62
Toyota,4,124006,2137,21.76,4,Petrol,Manual,862441.82
Jaguar,8,55583,1616,24.16,4,Diesel,Manual,2861342.65
Ford,11,43392,1926,8.38,2,Diesel,Manual,437503.34
Audi,12,12461,1620,24.7,1,Petrol,Automatic,2665719.11
Toyota,1,105123,992,9.46,1,CNG,Automatic,1084904.51
Mercedes,9,15516,2576,21.84,4,Diesel,Manual,3275651.54
Jaguar,6,126251,1328,12.77,2,Diesel,Manual,2738969.81
Maruti,4,67493,3018,10.25,1,CNG,Automatic,1177275.45
Mercedes,12,41027,1050,15.48,4,CNG,Manual,2271879.58
Honda,9,98547,2588,18.95,1,Petrol,Manual,632044.09
Honda,11,105127,3388,14.48,2,Diesel,Automatic,1000516.48
BMW,5,84003,2826,8.93,2,Diesel,Automatic,3473064.08
Audi,5,44758,3263,18.19,2,Petrol,Automatic,3556851.48
Ford,12,59312,3641,23.34,1,CNG,Manual,801986.22
Toyota,5,73670,2203,14.51,3,Petrol,Manual,971505.09
Land Rover,1,87279,1967,11.68,1,CNG,Manual,3741425.49
Maruti,1,20434,2872,15.52,3,Petrol,Manual,1255607.4
Jaguar,8,80769,3515,8.82,2,CNG,Automatic,3385597.25
Ford,12,71677,1896,21.95,4,Petrol,Manual,94455.34
Mercedes,8,88555,3479,22.05,3,CNG,Manual,3281360.73
Honda,12,133379,2647,18.0,2,CNG,Automatic,491627.65
Maruti,6,106665,3964,14.0,2,CNG,Automatic,1168450.25
Land Rover,12,73803,1304,21.6,3,CNG,Manual,2643139.48
Toyota,11,96703,2421,17.43,4,CNG,Automatic,639277.39
BMW,13,26312,3183,22.04,2,Diesel,Automatic,3180717.64
Land Rover,4,122961,3272,18.73,3,CNG,Manual,3755372.14
Maruti,2,45379,3346,21.33,4,Diesel,Manual,1389743.48
Land Rover,14,22297,2187,18.18,4,CNG,Manual,2831276.1
Maruti,2,7011,3794,15.04,2,Diesel,Manual,1698901.06
Maruti,9,125234,3477,24.29,1,Diesel,Automatic,952382.08
Hyundai,5,49014,2022,17.2,1,Petrol,Automatic,990499.66
Jaguar,4,147810,1517,18.29,2,CNG,Manual,2783765.08
Honda,10,99333,1138,11.75,4,Petrol,Manual,-11516.88
Hyundai,13,16120,1458,18.64,2,Petrol,Automatic,222163.01
Toyota,1,144839,1761,17.72,3,CNG,Manual,969077.99
Hyundai,7,27852,1228,11.14,1,Petrol,Manual,407113.91
Audi,3,84239,1698,9.01,3,CNG,Manual,2786921.13
Audi,6,137001,938,18.27,2,Petrol,Manual,2282316.27
Honda,5,96575,3789,20.98,2,CNG,Automatic,1502309.59
Land Rover,5,100040,1341,16.9,4,CNG,Manual,3030033.63
Jaguar,11,10744,2904,11.86,4,CNG,Automatic,3141459.93
Honda,5,143141,2055,19.33,4,Diesel,Manual,640944.72
Maruti,1,47359,3505,9.36,3,Petrol,Manual,1323304.25
Mercedes,1,103746,3282,15.51,4,Diesel,Automatic,4047464.31
Jaguar,3,125906,1183,10.78,2,Petrol,Manual,2835265.68
Jaguar,14,12597,3407,11.14,4,Petrol,Automatic,3012748.0
Maruti,12,52093,993,11.44,1,Petrol,Manual,-239837.98
Maruti,10,119650,3381,14.57,4,Diesel,Manual,504010.96
BMW,4,125956,3365,8.87,3,Petrol,Manual,3223285.13
Honda,5,120598,3563,14.76,1,Diesel,Manual,1321126.15
Maruti,2,138241,3598,16.7,1,CNG,Manual,1125862.25
Audi,8,13036,3032,16.22,1,Petrol,Automatic,3347244.16
Toyota,11,36778,2695,14.51,3,Petrol,Automatic,933824.27
Mercedes,11,142416,3139,22.27,2,CNG,Manual,2852123.36
Honda,14,23800,1531,10.47,4,CNG,Manual,-41070.29
Ford,2,30372,2963,16.6,1,Petrol,Automatic,1661992.39
Audi,9,66516,3672,9.05,1,CNG,Automatic,3290127.58
Land Rover,2,25538,3920,9.21,1,Diesel,Manual,4555787.72
Maruti,13,68918,1484,17.76,2,Diesel,Manual,-70272.71
Ford,9,76155,881,17.62,2,Petrol,Automatic,270416.18
Maruti,7,64500,3681,22.93,3,Diesel,Manual,1067618.25
Jaguar,8,115659,3180,17.48,2,Diesel,Automatic,3365634.89
Audi,11,32716,3404,24.32,4,Petrol,Manual,2882452.2
Jaguar,2,139308,3182,8.83,3,CNG,Automatic,3544533.25
BMW,7,7352,1331,9.67,3,Petrol,Automatic,2880142.43
Jaguar,12,138004,2783,8.75,4,Diesel,Manual,2547365.73
BMW,6,81449,1020,11.15,4,Petrol,Automatic,2671625.15
BMW,4,13556,1434,17.2,4,Petrol,Manual,2969755.85
Ford,7,91836,2569,18.97,3,Diesel,Manual,791595.72
Maruti,14,141570,3170,8.77,3,Diesel,Manual,23277.49
Land Rover,13,55098,2674,24.08,3,Petrol,Manual,3059393.99
Jaguar,4,117169,802,22.32,4,Diesel,Automatic,2975460.06
Audi,2,145641,2517,13.04,4,Diesel,Manual,3054597.92
BMW,10,131060,1005,9.31,1,Diesel,Manual,2236252.3
Maruti,12,135544,2655,10.89,2,Diesel,Manual,164866.59
Mercedes,7,5340,839,10.16,1,Diesel,Manual,3030378.14
Honda,8,87302,2906,10.1,4,Diesel,Automatic,1041454.0
Ford,2,5138,3798,16.82,3,CNG,Manual,1683544.01
Land Rover,5,136430,3421,12.18,4,Petrol,Automatic,3775877.28
Hyundai,1,124619,1443,14.09,2,Diesel,Automatic,1025805.64
Ford,7,90376,2330,24.82,1,Petrol,Automatic,939075.18
Mercedes,8,104931,2707,19.63,1,CNG,Manual,3127918.06
Honda,13,86532,3690,24.13,3,Diesel,Manual,785799.35
Mercedes,6,60778,3993,10.42,1,Petrol,Manual,3716873.42
Jaguar,5,42772,3466,14.5,1,Diesel,Manual,3783657.66
BMW,6,63478,2943,17.43,4,Diesel,Automatic,3469243.68
Land Rover,2,31762,1697,9.3,1,Diesel,Automatic,4113702.32
Toyota,1,149355,1885,8.07,1,Diesel,Manual,1176979.94
BMW,7,60568,2079,19.4,1,Diesel,Manual,3041161.71
Toyota,7,90090,3408,18.91,3,Diesel,Manual,1250760.17
Honda,10,25219,3752,14.98,3,Diesel,Manual,1143176.89
Maruti,11,62169,3195,16.32,4,CNG,Manual,363384.16
Hyundai,10,79965,1470,15.06,1,CNG,Manual,118862.64
Audi,14,89754,3995,8.41,3,Diesel,Manual,2721779.77
BMW,2,82988,2305,13.7,3,Diesel,Automatic,3571486.26
Land Rover,2,137379,3164,11.01,4,CNG,Automatic,3906837.62
Mercedes,1,85388,1518,9.67,2,CNG,Automatic,3440174.82
Land Rover,10,95768,1871,24.26,1,CNG,Automatic,3247060.72
Honda,8,40428,2755,18.19,3,Diesel,Manual,1025644.1
Toyota,8,97021,1959,20.39,4,Petrol,Manual,599684.09
Mercedes,1,123418,1049,13.36,4,Petrol,Manual,2942896.9
Audi,12,137212,3161,14.68,4,Petrol,Manual,2381660.59
Audi,11,31421,2692,12.03,3,Petrol,Manual,2619245.87
BMW,8,6708,2653,9.65,1,Diesel,Automatic,3527220.79
Honda,9,139702,3654,11.04,2,Petrol,Manual,725064.31
Maruti,14,81021,2303,21.56,1,CNG,Automatic,175560.21
Honda,4,49789,3332,19.52,4,CNG,Manual,1289046.05
Toyota,1,31086,2034,17.3,4,Petrol,Automatic,1491337.66
Land Rover,1,21859,843,16.08,2,CNG,Manual,3569182.0
Audi,3,12684,3418,23.68,1,Diesel,Automatic,4044029.55
Land Rover,14,96088,1382,9.24,4,Petrol,Manual,2346331.58
Land Rover,5,137279,3963,12.77,4,Petrol,Manual,3769344.66
Land Rover,5,51099,2088,13.95,1,Diesel,Manual,3743189.5
Audi,9,71093,3742,21.3,4,CNG,Manual,2986559.72
Ford,10,53651,1019,24.87,1,Diesel,Automatic,511410.51
Jaguar,14,18893,2725,12.09,4,Diesel,Manual,2760606.1
Toyota,12,71418,3772,22.86,1,CNG,Automatic,1237446.31
Ford,2,130074,3248,22.12,2,Diesel,Manual,1350777.6
Toyota,2,108065,3574,11.82,4,CNG,Automatic,1645765.55
Mercedes,6,135351,1790,14.79,2,CNG,Manual,2828757.16
Honda,9,43635,3746,14.96,4,Diesel,Manual,1166987.04
Honda,1,100071,2612,24.63,4,CNG,Automatic,1362041.63
Hyundai,9,83518,1657,11.08,3,Diesel,Manual,264438.79
Honda,9,111233,1603,21.59,1,CNG,Manual,326021.05
Audi,13,108651,1289,13.68,2,Petrol,Automatic,2114835.74
Maruti,9,77805,2580,20.42,2,CNG,Manual,443561.91
BMW,5,127813,2293,15.14,2,CNG,Automatic,3079734.09
Hyundai,13,84063,3785,17.83,1,Diesel,Manual,752856.53
BMW,9,7454,3691,22.15,3,CNG,Automatic,3478314.18
Toyota,11,25878,2505,21.67,2,Petrol,Automatic,1018049.08
BMW,4,149063,3114,22.73,1,Petrol,Automatic,3408285.68
BMW,2,73344,853,9.01,4,CNG,Automatic,2956258.49
Hyundai,13,109946,3375,19.76,2,CNG,Manual,320177.11
Mercedes,6,41593,1415,10.38,2,Petrol,Manual,2954565.76
Land Rover,14,41304,1882,15.07,3,Diesel,Automatic,3107286.47
Honda,4,118613,2648,17.33,2,Petrol,Manual,968390.08
Honda,6,23354,3911,14.85,2,Petrol,Manual,1438561.36
Audi,3,27190,1754,16.83,4,CNG,Manual,2996208.08
Hyundai,6,11142,3233,24.94,1,CNG,Automatic,1441081.6
Audi,2,46862,2429,10.3,1,Petrol,Manual,3337476.29
Maruti,2,130438,3581,19.48,3,Diesel,Manual,1212294.9
Maruti,13,53456,3563,14.73,4,Petrol,Automatic,552286.22
Audi,9,105167,1449,10.26,1,Petrol,Manual,2328626.41
Hyundai,7,87035,3147,10.7,4,Diesel,Automatic,1001985.23
Audi,3,13016,1194,24.14,1,Petrol,Automatic,3233050.8
Honda,13,7384,2159,22.95,4,Petrol,Automatic,550843.11
Ford,11,107239,3440,23.42,3,CNG,Manual,576258.52
Jaguar,1,116431,3361,24.86,2,Diesel,Manual,3817238.93
BMW,8,85018,3243,11.54,3,CNG,Automatic,3207408.46
Jaguar,14,45510,1170,14.04,1,CNG,Automatic,2370094.23
Hyundai,6,26826,1657,19.38,3,Diesel,Automatic,925474.35
Jaguar,7,73026,1590,16.22,2,Diesel,Automatic,3144200.89
Maruti,9,126668,1457,15.11,3,Petrol,Automatic,67980.0
Toyota,5,29045,3583,14.08,1,CNG,Automatic,1800420.01
BMW,1,95102,2192,18.09,1,Diesel,Manual,3460795.21
Land Rover,12,56919,1183,17.79,3,CNG,Automatic,2869970.36
Hyundai,10,104441,2909,10.74,2,CNG,Automatic,593309.11
BMW,7,141917,3352,16.02,3,Diesel,Automatic,3305267.65
Jaguar,5,123325,1038,17.41,2,Petrol,Manual,2631293.35
Maruti,3,24337,994,17.69,4,CNG,Manual,476659.66
Mercedes,12,82949,3525,11.57,2,Diesel,Manual,3143696.62
Ford,13,5276,2908,20.62,4,Petrol,Manual,560372.18
Land Rover,9,56151,1952,8.43,3,CNG,Automatic,3296461.13
Ford,1,148016,3837,14.03,2,Diesel,Manual,1541627.82
BMW,1,57887,3532,21.26,4,CNG,Automatic,3917524.41
Maruti,1,86442,2815,17.59,4,Diesel,Automatic,1327634.77
Maruti,3,54847,955,12.44,4,Diesel,Automatic,686432.91
Jaguar,12,63653,1722,19.81,1,CNG,Automatic,2762529.4
Honda,6,61622,3715,17.65,3,CNG,Automatic,1422536.38
Jaguar,10,32810,3750,21.54,4,Diesel,Automatic,3582714.55
Honda,11,82842,2409,20.5,2,Petrol,Manual,437551.9
Honda,3,127225,3846,18.37,4,CNG,Manual,1253182.32
Land Rover,8,15503,1774,16.3,1,Diesel,Manual,3535612.7
Jaguar,14,89761,2030,10.26,3,Diesel,Manual,2371746.44
Mercedes,14,131439,3235,12.44,1,Petrol,Manual,2686603.55
Audi,10,16590,2614,15.12,1,Petrol,Automatic,3076241.56
Audi,2,146958,3734,18.19,1,Petrol,Manual,3478290.15
Jaguar,14,148938,1637,16.73,2,CNG,Manual,1989571.93
Jaguar,9,71624,2807,12.9,3,Diesel,Manual,3084547.22
Ford,3,145836,2163,8.11,3,Diesel,Automatic,1025247.43
Land Rover,5,125356,3187,16.44,2,Diesel,Automatic,3991810.74
Jaguar,10,47727,1003,12.86,3,Petrol,Automatic,2565646.68
Ford,8,83471,960,20.49,1,Diesel,Manual,370914.76
Honda,2,13068,1191,8.41,3,CNG,Manual,913538.45
Maruti,6,121923,1568,17.94,2,Petrol,Manual,227631.45
Maruti,12,143367,3422,24.01,1,Petrol,Manual,335156.26
Honda,5,16390,3381,10.96,2,Petrol,Manual,1365354.03
Hyundai,13,111752,1893,16.02,4,Petrol,Automatic,-18226.61
Ford,10,99754,3740,9.55,1,CNG,Manual,840242.7
Ford,9,80969,1204,18.64,1,Diesel,Automatic,576415.17
Honda,12,82064,1407,17.36,3,CNG,Manual,-15411.3
Mercedes,5,26281,2414,14.93,1,Diesel,Automatic,3805549.3
Toyota,2,59189,2340,16.86,2,CNG,Automatic,1541747.09
BMW,5,53511,3675,23.24,3,Petrol,Automatic,3690755.91
Honda,12,127115,3991,11.34,4,Petrol,Automatic,749058.45
Jaguar,4,13605,2637,8.38,2,CNG,Manual,3489803.3
Jaguar,11,105318,1489,22.65,4,CNG,Manual,2262069.07
Land Rover,7,137453,3749,17.81,4,Diesel,Manual,3697524.97
Honda,6,24810,2040,23.14,4,CNG,Automatic,1012255.66
Land Rover,14,46869,2903,18.15,1,CNG,Manual,3138715.69
Honda,2,37955,1165,21.77,2,Diesel,Manual,1090196.12
Ford,12,66388,2522,15.3,2,Diesel,Manual,526457.25
BMW,11,15207,1254,20.75,1,Diesel,Manual,2669888.73
Ford,11,27031,903,23.52,3,CNG,Automatic,303438.86
Toyota,13,85807,876,17.73,4,Diesel,Automatic,190200.76
Maruti,5,76312,1029,11.07,2,Petrol,Manual,252337.69
Audi,7,64766,2737,12.57,1,Petrol,Manual,2958055.88
Honda,11,148521,3178,11.38,4,Petrol,Manual,376212.57
Toyota,7,94833,2005,12.2,3,CNG,Automatic,852274.92
Maruti,5,116041,1692,13.21,3,Petrol,Automatic,489339.61
Hyundai,12,121185,2373,17.44,4,CNG,Automatic,153800.19
BMW,9,15350,3535,18.0,3,CNG,Manual,3231408.18
Land Rover,4,105859,2874,15.25,2,Petrol,Automatic,3931787.66
Land Rover,11,73487,2475,18.46,2,Diesel,Automatic,3467984.92
Ford,3,128853,1098,9.39,2,CNG,Automatic,693874.72
Jaguar,4,58117,1756,9.49,3,Petrol,Automatic,3229793.49
Maruti,5,106084,3646,10.92,2,CNG,Automatic,1149662.25
Hyundai,13,28782,1914,16.81,1,Diesel,Manual,339962.89
Toyota,6,33454,3327,11.64,2,Diesel,Manual,1535078.8
BMW,3,72904,3420,12.82,2,Petrol,Manual,3502865.73
Maruti,2,134936,3305,14.81,3,CNG,Manual,941284.94
Hyundai,14,127258,2274,21.8,2,CNG,Automatic,113345.53
Audi,13,116668,1164,8.24,4,CNG,Manual,1693509.58
Honda,4,129184,3706,19.04,1,CNG,Manual,1302224.64
Land Rover,5,21566,2498,19.37,3,Petrol,Manual,3700603.56
Toyota,4,143262,1150,21.58,1,Diesel,Automatic,992362.46
Land Rover,14,43333,3100,23.86,4,Petrol,Manual,3121761.79
Toyota,11,126929,3628,8.34,3,CNG,Automatic,893660.41
Ford,13,94571,2704,10.61,3,CNG,Automatic,404878.58
Jaguar,12,125263,3650,23.06,2,Diesel,Automatic,3228066.56
Toyota,3,137661,1811,15.79,1,CNG,Manual,914547.89
Land Rover,8,30235,3306,17.6,4,Petrol,Automatic,3843496.51
Ford,10,5159,3764,19.27,4,Petrol,Manual,1000252.41
Toyota,4,148217,1298,19.54,3,Diesel,Manual,714409.58
Audi,14,109859,1749,23.84,2,Petrol,Manual,2012917.8
Jaguar,2,112507,2794,24.95,3,Petrol,Automatic,3606788.12
Toyota,2,144316,2846,20.24,3,Petrol,Automatic,1448203.81
Ford,1,19743,1307,12.88,3,Petrol,Manual,973261.65
Maruti,13,51101,2127,22.96,3,CNG,Automatic,198071.76
Mercedes,4,126534,3348,8.84,4,Petrol,Automatic,3568465.32
Hyundai,10,89227,3650,11.93,4,Diesel,Automatic,949446.92
Mercedes,9,76126,3445,23.26,3,Diesel,Manual,3368338.47
Mercedes,14,61071,965,12.36,3,Petrol,Automatic,2277397.57
BMW,11,79763,3309,11.75,2,Diesel,Automatic,3179852.59
Audi,7,148309,1719,10.35,3,Petrol,Manual,2280850.84
Maruti,12,51154,913,22.6,4,Diesel,Automatic,65248.6
Honda,10,12016,1791,16.5,1,Diesel,Manual,750196.64
Toyota,7,94678,2751,19.47,4,Petrol,Automatic,1078349.34
Hyundai,13,117056,3054,12.06,2,Petrol,Automatic,378477.87
Jaguar,7,59238,2058,20.89,4,CNG,Automatic,3072142.73
Maruti,8,63608,1314,20.92,1,Petrol,Automatic,378695.36
Land Rover,1,94081,2031,13.31,3,Petrol,Automatic,3828949.53
Honda,10,55961,1508,14.98,1,CNG,Automatic,597439.41
BMW,13,31917,3996,11.56,3,Petrol,Manual,3002320.99
BMW,10,32990,2985,24.6,3,Petrol,Automatic,3158014.44
Maruti,8,67551,1138,18.98,4,CNG,Automatic,211806.98
Ford,4,85811,3384,23.89,4,Petrol,Automatic,1367345.42
Mercedes,4,60103,867,13.16,4,Petrol,Manual,2838076.76
Land Rover,4,111122,2396,21.29,2,CNG,Manual,3543380.44
BMW,6,24008,2364,21.02,4,CNG,Manual,3026112.44
Hyundai,7,37402,1182,19.76,2,Diesel,Automatic,754845.89
BMW,6,141865,818,24.42,4,Petrol,Automatic,2422319.03
Jaguar,1,141643,3530,14.69,3,Diesel,Manual,3724557.13
Toyota,12,118550,2921,10.22,2,Diesel,Manual,654395.95
BMW,8,96218,1372,19.42,1,CNG,Manual,2520842.98
Jaguar,13,138296,3786,20.4,2,Petrol,Automatic,2989201.02
Maruti,10,125779,2099,17.78,2,Petrol,Manual,27711.15
Maruti,11,134714,3919,11.52,1,CNG,Automatic,707072.71
Honda,13,37441,3058,16.58,2,Diesel,Automatic,950800.11
BMW,7,67368,3702,13.31,3,CNG,Automatic,3507020.65
Hyundai,6,97122,2743,15.27,4,Petrol,Manual,600175.81
BMW,6,49760,1450,18.97,1,CNG,Automatic,3051155.38
Hyundai,5,28478,2445,20.67,4,Petrol,Manual,860042.9
Audi,6,132881,1793,11.95,3,Diesel,Manual,2613878.95
Honda,12,76854,3542,14.89,1,Petrol,Manual,719746.5
Audi,9,99230,3387,12.58,4,Diesel,Manual,2936452.06
BMW,10,90716,2138,11.38,4,Diesel,Automatic,2782890.69
Honda,9,148252,1700,21.32,3,Petrol,Automatic,326506.07
Audi,10,103538,2484,23.46,4,Petrol,Automatic,2660659.36
Mercedes,8,20372,3627,14.29,3,Diesel,Automatic,3892465.32
BMW,10,34796,2385,20.77,2,CNG,Manual,2814235.68
Audi,9,103826,2723,23.25,3,Petrol,Manual,2651627.75
Mercedes,13,125592,2581,22.38,2,Diesel,Manual,2750784.1
Mercedes,10,98635,1936,11.11,1,Diesel,Manual,2821037.32
Maruti,8,116022,3017,24.26,4,CNG,Automatic,672885.04
BMW,8,59040,2744,14.4,3,Petrol,Manual,2947538.22
Mercedes,1,80357,1837,13.77,3,Diesel,Automatic,3680394.62
Maruti,10,83356,2538,9.06,4,CNG,Manual,143266.62
Audi,11,21211,1087,16.26,4,Diesel,Manual,2303270.74
Jaguar,5,110426,3036,9.85,1,Petrol,Manual,3242100.72
BMW,4,10842,3761,12.23,1,CNG,Manual,3792133.43
Honda,2,71852,2390,13.39,3,Diesel,Automatic,1440815.06
Hyundai,8,130737,3541,21.75,1,CNG,Automatic,994770.03
Hyundai,3,50968,2545,22.88,2,Petrol,Automatic,1259177.13
Audi,4,22508,3735,13.14,1,CNG,Automatic,3867136.26
Ford,12,59575,3318,22.6,1,Petrol,Manual,734427.52
Ford,7,71914,1898,22.57,3,Diesel,Manual,692390.42
Audi,10,72055,3124,21.0,2,Petrol,Automatic,3033227.98
Mercedes,9,92697,1739,10.49,1,Diesel,Automatic,3077717.41
BMW,2,111239,2248,19.74,2,Diesel,Manual,3359028.99
Hyundai,3,128106,1370,24.07,2,Petrol,Manual,486382.42
Hyundai,4,10355,3704,19.6,2,Diesel,Automatic,1805089.04
Mercedes,10,59120,1800,13.64,4,CNG,Automatic,2818026.33
Hyundai,1,43342,2005,16.51,4,Diesel,Automatic,1324920.36
Honda,7,7257,3305,18.98,4,Petrol,Manual,1165294.47
BMW,2,32364,1717,16.68,4,CNG,Automatic,3328371.85
Toyota,5,116715,2674,10.04,3,CNG,Automatic,1144972.88
Hyundai,1,31654,1632,13.31,1,Diesel,Automatic,1400508.82
Audi,3,86423,3935,21.64,4,Diesel,Automatic,3866577.49
Honda,12,34320,3686,22.64,3,Petrol,Automatic,1065910.32
Hyundai,2,25808,3040,10.33,1,CNG,Manual,1373466.74
Honda,1,57389,2478,24.19,4,Petrol,Automatic,1457521.06
Maruti,7,123581,1415,13.59,1,Diesel,Manual,272669.53
Toyota,5,132927,1205,19.26,4,CNG,Automatic,663574.34
Land Rover,1,39773,2549,20.78,3,Petrol,Automatic,4186301.48
Audi,6,81396,3790,21.8,2,Petrol,Automatic,3533259.7
Audi,5,112692,3568,24.08,2,Petrol,Manual,3235512.6
BMW,3,62505,892,13.32,1,Petrol,Manual,2828346.27
Honda,12,90896,3277,22.59,3,Petrol,Manual,529995.1
Mercedes,7,23135,1453,10.24,2,CNG,Automatic,3153372.91
Audi,11,95887,1233,19.99,4,Petrol,Automatic,2181858.51
Honda,10,127118,1935,20.61,2,CNG,Manual,205668.77
Honda,9,52377,1174,19.52,1,Petrol,Manual,365499.89
Jaguar,14,67491,3930,12.29,1,Diesel,Automatic,3308165.58
Jaguar,13,63283,1866,22.84,3,Diesel,Manual,2541152.98
Land Rover,13,21923,1006,10.87,1,Petrol,Automatic,2887803.04
Maruti,9,52591,1579,8.91,2,Diesel,Manual,327063.59
Land Rover,14,67261,2119,20.2,2,CNG,Manual,2825263.75
Hyundai,9,59336,1941,16.08,2,Petrol,Manual,354699.73
Mercedes,2,79083,1331,22.43,2,CNG,Automatic,3412928.46
Hyundai,3,65948,3013,14.52,3,Petrol,Automatic,1316948.85
Ford,7,31672,3490,10.86,4,Diesel,Manual,1215416.46
Hyundai,5,9213,889,22.22,4,CNG,Automatic,622236.76
BMW,2,146365,1917,17.33,3,Diesel,Automatic,3243169.19
Hyundai,3,67507,812,11.22,1,Diesel,Automatic,841542.06
Land Rover,10,62134,3820,20.25,4,Petrol,Automatic,3752054.0
Audi,6,138172,2657,16.69,1,CNG,Manual,2824125.54
Audi,13,33172,1604,18.27,4,Diesel,Automatic,2483714.19
Jaguar,7,25132,1744,15.84,1,Petrol,Automatic,3231718.43
Mercedes,9,23199,3589,22.09,3,Petrol,Manual,3465606.21
Mercedes,1,41609,2657,22.1,2,Petrol,Automatic,3996237.05
BMW,11,144088,2410,20.06,1,Diesel,Automatic,2778342.13
Land Rover,7,36881,3723,9.79,2,Petrol,Automatic,4074398.8
Jaguar,8,29472,2759,22.26,1,CNG,Manual,3250188.5
Ford,12,59131,3507,19.41,1,CNG,Manual,736856.31
Mercedes,14,17828,3879,19.85,1,Diesel,Automatic,3612283.18
Audi,3,101664,1852,14.17,1,CNG,Automatic,3107867.18
Hyundai,4,137473,1095,22.95,1,Petrol,Manual,373172.26
Hyundai,10,20193,3833,20.33,2,Diesel,Manual,1107333.39
Jaguar,6,107518,1725,9.91,1,Petrol,Manual,2827640.02
Land Rover,10,24611,1439,14.93,2,Diesel,Automatic,3379731.63
Land Rover,7,148022,3187,23.07,3,Diesel,Automatic,3797634.61
Maruti,13,81240,1427,8.8,4,Petrol,Manual,-434251.25
Toyota,14,7745,3286,24.34,1,CNG,Automatic,1102982.7
Mercedes,4,60243,1967,19.55,4,CNG,Automatic,3379712.35
Land Rover,8,8866,1741,18.73,2,Diesel,Automatic,3696302.0
Audi,5,133681,1629,12.6,3,Petrol,Automatic,2693737.38
Jaguar,1,76354,2570,12.23,3,Petrol,Automatic,3666554.43
Ford,4,56374,3366,24.01,3,Diesel,Automatic,1633866.75
Maruti,3,119397,1775,13.07,4,CNG,Automatic,558235.4
Honda,9,129577,3916,21.18,2,Petrol,Manual,941835.69
BMW,8,86029,1754,14.68,1,CNG,Manual,2708735.73
Ford,1,98574,2062,10.37,1,CNG,Manual,1050693.42
Honda,11,35431,1751,8.18,2,Diesel,Manual,457191.98
Hyundai,6,34336,1743,17.25,4,Diesel,Manual,655451.23
BMW,9,45992,3002,24.59,1,CNG,Manual,3127837.48
Mercedes,7,60350,2004,14.28,2,Petrol,Manual,3039259.39
Audi,4,74561,2935,14.07,1,Petrol,Manual,3251481.2
BMW,13,56955,2334,13.85,3,Diesel,Manual,2573653.09
Toyota,1,66240,1896,16.85,1,CNG,Automatic,1483052.3
Honda,12,142227,3778,15.49,4,Petrol,Automatic,689250.24
Mercedes,2,51607,978,22.96,2,Petrol,Manual,3198134.22
Toyota,12,57870,3059,16.59,4,Diesel,Automatic,997121.04
Hyundai,5,69110,2628,16.63,2,CNG,Automatic,1035553.52
Toyota,12,121895,2057,10.35,3,Petrol,Manual,195591.55
Maruti,11,9426,1264,24.71,2,Diesel,Manual,272616.76
Maruti,5,32606,2574,12.25,1,Petrol,Manual,881070.14
Jaguar,8,33151,3478,9.25,1,Petrol,Automatic,3583143.3
Ford,6,16308,3672,19.27,3,Petrol,Automatic,1522851.77
Ford,8,95306,2030,18.12,2,Diesel,Manual,660099.44
Mercedes,2,111984,3454,15.06,3,CNG,Automatic,3874174.0
Hyundai,3,7204,1684,15.18,1,Diesel,Automatic,1330276.04
Land Rover,6,97769,3213,21.35,4,CNG,Automatic,3821798.97
Maruti,12,92265,3123,11.33,3,Petrol,Manual,216206.15
Mercedes,13,36131,3227,21.94,4,CNG,Automatic,3113787.61
Land Rover,10,57428,2132,19.03,4,Petrol,Automatic,3227574.7
Ford,3,38870,2454,15.12,2,Petrol,Automatic,1336756.94
Jaguar,6,108547,1744,15.79,3,Diesel,Automatic,3074414.47
Toyota,6,54067,3935,12.36,4,Petrol,Automatic,1613285.16
Maruti,2,117217,3657,20.79,4,Diesel,Automatic,1455365.96
Mercedes,7,103934,1724,16.72,2,CNG,Automatic,3032509.44
BMW,12,147980,2738,13.45,2,CNG,Manual,2359336.16
Land Rover,2,79707,1293,18.13,1,Petrol,Manual,3565160.94
